eventid,ip,label
1,80,3
1,81,3
1,66,3
1,110,3
1,30,3
1,112,3
1,36,3
1,121,3
1,121,3
1,130,3
1,92,3
1,121,3
1,29,3
1,121,3
1,121,3
1,122,3
1,49,3
1,107,3
0,112,0
1,112,3
1,112,2
1,112,2
1,112,2
1,112,1
1,112,2
1,121,3
1,112,2
1,112,2
1,112,2
1,112,2
1,112,1
1,112,2
1,112,1
1,112,2
1,112,2
1,112,2
1,112,2
1,121,3
1,17,3
1,112,2
1,112,2
1,112,2
1,112,2
1,112,2
1,112,2
1,112,2
1,112,2
1,23,3
1,121,3
1,130,3
1,24,3
1,121,3
1,66,3
1,112,2
1,112,2
1,112,2
1,112,2
1,112,2
1,110,3
1,70,3
1,74,3
1,106,3
1,121,3
1,121,3
1,112,3
1,36,3
1,130,3
1,121,3
1,17,3
1,107,3
1,112,3
1,66,3
1,29,3
1,24,3
1,121,3
0,130,0
1,130,3
1,130,2
1,130,2
1,130,2
1,130,1
1,130,2
1,130,2
0,110,0
1,130,2
1,110,3
1,130,2
1,130,2
1,130,1
1,110,2
1,110,2
1,110,2
1,110,1
1,130,2
1,130,1
1,110,2
1,110,2
1,130,2
1,130,2
1,110,2
1,110,2
1,130,2
1,110,2
1,110,1
1,110,2
1,110,1
1,130,2
1,110,2
1,110,2
1,110,2
1,130,2
1,110,2
1,110,2
1,110,2
1,130,2
0,49,0
1,110,2
1,110,2
1,110,2
1,130,2
1,110,2
1,110,2
1,110,2
1,130,2
1,49,3
1,130,2
1,130,2
1,49,2
1,130,2
1,49,2
1,49,2
1,49,1
1,130,2
1,49,2
1,49,2
1,49,2
1,49,2
1,49,2
1,49,1
1,49,2
1,49,1
1,49,2
1,49,2
1,49,2
1,49,2
1,49,2
1,49,2
1,49,2
1,49,2
1,121,3
1,49,2
1,49,2
1,49,2
1,49,2
1,92,3
1,75,3
1,23,3
1,121,3
1,121,3
1,76,3
1,121,3
1,78,3
1,106,3
1,121,3
1,112,3
1,70,3
0,36,0
1,36,3
1,36,2
1,36,2
1,36,2
1,36,1
1,36,2
1,36,2
1,36,2
1,36,2
1,36,2
1,36,1
1,36,2
1,36,1
1,36,2
1,36,2
1,36,2
1,36,2
1,36,2
1,36,2
1,36,2
1,36,2
1,36,2
1,36,2
1,36,2
1,36,2
1,110,2
1,110,2
1,110,2
1,110,2
1,110,2
0,17,0
1,17,3
1,17,2
1,17,2
1,17,2
1,17,1
1,17,2
1,17,2
1,17,2
1,17,2
1,17,2
1,17,1
1,17,2
1,17,1
1,17,2
1,17,2
1,17,2
1,17,2
1,17,2
1,17,2
1,17,2
1,17,2
1,17,2
1,17,2
1,17,2
1,17,2
1,121,3
1,36,2
1,36,2
1,36,2
1,36,2
1,36,2
1,66,3
0,107,0
1,120,3
1,107,3
1,107,2
1,107,2
1,107,2
1,107,1
1,107,2
1,107,2
1,107,2
1,30,3
1,107,2
1,107,2
1,107,1
1,107,2
1,107,1
1,107,2
1,107,2
1,107,2
1,107,2
1,107,2
1,107,2
1,107,2
1,107,2
1,107,2
1,107,2
1,107,2
1,107,2
1,110,3
1,121,3
1,112,3
1,24,3
1,121,3
1,29,3
1,130,3
1,49,3
1,121,3
1,36,3
1,41,3
1,74,3
1,106,3
1,112,3
0,66,0
1,66,3
1,66,2
1,66,2
1,66,2
1,66,1
1,66,2
1,66,2
1,66,2
1,66,2
1,66,2
1,66,1
1,66,2
1,66,1
1,66,2
1,66,2
1,66,2
1,66,2
1,66,2
1,66,2
1,66,2
1,66,2
1,66,2
1,66,2
1,66,2
1,66,2
1,17,3
0,70,0
1,70,3
1,70,2
1,70,2
1,70,2
1,70,1
1,70,2
1,70,2
1,70,2
1,130,3
1,70,2
1,70,2
1,70,1
1,70,2
1,70,1
1,70,2
1,70,2
1,70,2
1,70,2
1,70,2
1,70,2
1,70,2
1,70,2
1,70,2
1,70,2
1,70,2
1,70,2
1,23,3
1,110,3
1,92,3
1,75,3
1,121,3
1,24,3
1,112,3
1,107,3
1,78,3
1,18,3
1,18,3
1,18,3
0,18,0
1,18,2
1,18,2
1,18,1
1,18,2
1,18,2
1,18,1
1,18,2
1,18,2
0,18,0
1,18,1
0,18,0
0,18,0
1,18,2
1,18,2
1,18,1
1,18,2
1,18,2
1,18,1
1,18,2
1,18,2
1,18,2
1,18,2
1,18,2
1,18,2
1,18,2
1,18,2
1,18,2
1,18,2
1,18,2
1,18,2
1,18,2
1,18,2
1,18,2
1,18,2
0,18,0
0,18,0
0,18,0
0,18,0
1,18,2
0,18,0
0,18,0
1,18,2
0,18,0
1,130,3
1,121,3
0,29,0
1,31,3
1,29,3
1,49,3
1,29,2
1,36,3
1,30,3
1,17,3
1,112,3
1,29,2
1,29,2
1,29,1
0,106,0
1,106,3
1,29,2
1,106,2
1,29,2
1,106,2
1,106,2
1,106,1
1,106,2
1,106,2
1,29,2
1,106,2
1,106,2
1,106,2
1,106,1
1,106,2
1,106,1
1,106,2
1,106,2
1,106,2
1,106,2
1,106,2
1,29,2
1,106,2
1,106,2
1,29,2
1,29,1
1,106,2
1,106,2
1,29,2
1,29,1
1,106,2
1,106,2
1,106,2
1,29,2
1,29,2
1,29,2
1,29,2
1,29,2
1,29,2
1,29,2
1,29,2
1,29,2
1,29,2
1,29,2
1,29,2
1,110,3
1,130,3
1,120,3
1,109,3
0,109,0
1,109,2
1,109,2
1,109,1
1,109,2
1,109,1
1,109,2
1,109,2
1,109,2
1,109,2
1,109,2
1,109,1
1,109,2
1,109,2
1,107,3
1,112,3
0,24,0
1,24,3
1,24,2
1,24,2
1,24,2
1,24,1
1,24,2
1,24,2
1,24,2
1,24,2
1,24,2
1,24,1
1,24,2
1,24,1
1,24,2
1,24,2
1,24,2
1,24,2
1,24,2
1,24,2
1,24,2
1,24,2
1,24,2
1,24,2
1,24,2
1,24,2
1,70,3
1,121,3
1,66,3
1,17,3
1,130,3
0,23,0
1,23,3
1,23,2
1,23,2
1,23,2
1,23,1
1,23,2
1,23,2
1,23,2
1,23,2
1,23,2
1,23,1
1,23,2
1,23,1
1,23,2
1,23,2
1,23,2
1,23,2
1,36,3
1,23,2
1,23,2
1,23,2
1,23,2
1,121,3
1,23,2
1,23,2
1,23,2
1,23,2
1,77,3
1,112,3
1,92,3
1,49,3
1,110,3
1,75,3
1,74,3
1,79,3
1,85,3
1,130,3
1,88,3
1,107,3
1,31,3
0,30,0
1,112,3
1,66,3
1,17,3
1,106,3
1,29,3
1,130,3
1,36,3
1,70,3
1,110,3
1,112,3
1,24,3
1,30,3
1,49,3
0,121,0
0,120,0
1,107,3
1,66,3
1,130,3
1,17,3
1,112,3
1,23,3
1,77,3
1,75,3
1,106,3
1,110,3
1,130,3
0,119,0
1,79,3
1,36,3
0,85,0
1,29,3
1,112,3
0,88,0
1,24,3
1,66,3
1,70,3
1,107,3
1,17,3
1,49,3
1,130,3
1,112,3
0,80,0
1,110,3
0,74,0
1,66,3
1,106,3
1,23,3
1,13,3
1,36,3
0,121,0
1,112,3
1,24,3
1,130,3
1,17,3
1,29,3
1,107,3
0,120,0
1,70,3
1,54,3
1,75,3
1,112,3
1,130,3
1,66,3
1,49,3
0,85,0
1,110,3
0,88,0
1,129,3
1,129,3
1,129,3
0,129,0
1,129,2
1,129,2
1,129,1
1,129,2
1,129,1
1,129,2
1,129,2
1,129,2
1,129,2
1,129,2
1,129,1
1,129,2
1,129,2
1,106,3
1,17,3
0,119,0
1,24,3
1,36,3
0,120,0
0,121,0
1,112,3
1,31,3
1,130,3
1,107,3
1,23,3
0,118,0
1,66,3
1,29,3
1,52,3
0,119,0
1,110,3
1,112,3
0,31,0
1,70,3
1,130,3
1,17,3
1,31,3
1,49,3
0,121,0
1,24,3
1,36,3
1,106,3
1,112,3
1,107,3
0,74,0
1,75,3
1,72,3
1,66,3
1,130,3
1,110,3
0,91,0
1,17,3
1,112,3
1,23,3
1,29,3
1,130,3
1,70,3
1,24,3
1,36,3
1,66,3
1,9,3
1,49,3
0,118,0
0,121,0
0,122,0
1,107,3
1,112,3
1,106,3
0,119,0
0,119,0
1,17,3
1,68,3
1,130,3
1,110,3
1,112,3
1,66,3
0,121,0
1,77,3
1,14,3
1,14,3
1,56,3
1,14,3
0,14,0
1,14,3
1,14,2
1,14,2
1,14,1
1,14,2
1,14,1
1,14,2
1,14,3
1,14,2
1,14,2
1,14,3
1,14,2
1,24,3
1,14,2
1,14,1
1,14,2
1,14,2
1,14,3
1,14,3
1,14,3
1,14,3
1,14,3
1,29,3
1,130,3
1,14,3
1,14,3
1,14,3
1,14,3
1,14,3
1,14,3
1,14,3
1,14,3
1,23,3
1,36,3
1,107,3
1,70,3
1,2,3
1,17,3
1,112,3
0,91,0
1,49,3
1,106,3
1,110,3
0,74,0
0,119,0
1,130,3
1,66,3
0,16,0
1,16,2
1,16,2
1,16,1
1,16,2
1,16,1
1,16,2
1,16,2
1,16,2
1,16,2
1,16,2
1,16,1
1,16,2
1,16,2
1,112,3
1,24,3
1,130,3
1,107,3
1,36,3
1,17,3
0,121,0
1,29,3
0,120,0
1,110,3
1,13,3
1,66,3
1,112,3
1,106,3
1,23,3
1,70,3
1,49,3
1,77,3
1,130,3
0,92,0
0,121,0
1,24,3
1,112,3
1,30,3
1,107,3
1,66,3
1,36,3
1,110,3
1,130,3
1,17,3
1,116,3
1,116,3
1,116,3
0,116,0
1,116,2
1,116,2
1,116,3
1,116,3
1,116,3
0,116,0
1,116,2
1,116,2
1,116,3
1,116,3
1,116,3
0,116,0
1,116,2
1,116,2
1,116,3
1,116,3
1,116,3
0,116,0
1,116,2
1,116,2
1,116,3
1,116,3
1,116,3
0,116,0
1,116,2
1,116,2
1,116,3
1,116,3
1,116,3
0,116,0
1,116,2
1,116,2
1,116,3
1,116,3
1,116,3
0,116,0
1,116,2
1,116,2
1,116,3
1,116,3
1,116,3
0,116,0
1,116,2
1,116,2
0,121,0
1,116,3
1,116,3
1,116,3
0,116,0
1,116,2
1,116,2
1,116,3
1,116,3
1,116,3
0,116,0
1,116,2
1,116,2
1,116,3
1,116,3
1,116,3
0,116,0
1,116,2
1,116,2
1,116,3
1,116,3
1,116,3
0,116,0
1,116,2
1,116,2
1,116,3
1,116,3
1,116,3
0,116,0
1,116,2
1,116,2
1,116,3
1,116,3
1,116,3
0,116,0
1,116,2
1,116,2
1,116,3
1,116,3
1,116,3
0,116,0
1,116,2
1,116,2
1,116,3
1,116,3
1,116,3
0,116,0
1,116,2
1,116,2
1,116,3
1,116,3
1,116,3
0,116,0
1,116,2
1,116,2
1,116,3
1,116,3
1,116,3
0,116,0
1,116,2
1,116,2
1,116,3
1,116,3
1,116,3
0,116,0
1,116,2
1,116,2
1,116,3
1,116,3
1,116,3
0,116,0
1,116,2
1,116,2
1,13,3
1,112,3
1,29,3
1,106,3
0,92,0
1,38,3
1,38,3
1,38,3
1,49,3
0,80,0
0,38,0
1,38,2
1,38,2
1,38,1
1,38,2
1,38,2
1,38,1
1,38,2
1,38,2
0,38,0
1,38,1
0,38,0
0,38,0
1,38,2
1,38,2
1,38,1
1,38,2
1,38,2
1,38,1
1,38,2
1,38,2
1,38,2
1,38,2
1,38,2
1,38,2
1,38,2
1,38,2
1,38,2
1,38,2
1,38,2
1,38,2
1,38,2
1,38,2
1,38,2
1,38,2
0,38,0
0,38,0
0,38,0
0,38,0
1,38,2
0,38,0
0,38,0
0,38,0
1,70,3
1,130,3
0,74,0
1,66,3
1,24,3
1,72,3
1,112,3
1,68,3
0,92,0
1,17,3
1,110,3
1,107,3
1,36,3
0,41,0
1,130,3
0,120,0
0,13,0
1,13,3
1,13,2
1,112,3
0,121,0
1,13,2
1,13,2
1,13,1
1,75,3
1,13,2
1,13,2
1,13,2
1,13,2
1,13,2
1,13,1
1,13,2
1,13,1
1,13,2
1,13,2
1,13,2
1,13,2
1,13,2
1,13,2
1,13,2
1,13,2
1,13,2
1,13,2
1,13,2
1,13,2
1,106,3
1,66,3
1,29,3
1,68,3
0,92,0
1,24,3
1,49,3
1,130,3
0,121,0
1,17,3
1,112,3
1,110,3
1,70,3
1,107,3
0,31,0
1,36,3
1,72,3
1,130,3
1,66,3
1,112,3
1,13,3
0,92,0
0,68,0
1,68,3
1,68,2
1,68,2
1,68,2
1,68,1
1,68,2
1,68,2
1,68,2
1,68,2
1,68,2
1,68,1
1,68,2
1,68,1
1,68,2
1,68,2
1,68,2
1,68,2
1,68,2
1,68,2
1,68,2
1,68,2
1,68,2
1,68,2
1,68,2
1,68,2
1,31,3
1,106,3
1,24,3
1,110,3
1,17,3
0,121,0
1,29,3
1,112,3
1,107,3
1,49,3
1,130,3
1,68,2
1,68,2
1,68,2
1,68,2
1,68,2
0,52,0
1,75,3
1,26,3
1,36,3
1,70,3
1,66,3
0,74,0
0,92,0
0,120,0
1,56,3
0,88,0
1,68,3
1,112,3
1,13,3
1,130,3
1,106,3
1,24,3
1,110,3
1,17,3
0,121,0
1,66,3
1,107,3
1,112,3
0,72,0
1,29,3
1,130,3
1,72,3
1,72,2
0,92,0
1,72,2
1,72,2
1,72,1
1,72,2
1,72,2
1,72,2
1,72,2
1,72,2
1,72,1
1,72,2
1,72,1
1,49,3
1,72,2
1,72,2
1,72,2
1,36,3
1,72,2
1,72,2
1,72,2
1,72,2
1,72,2
1,72,2
1,72,2
1,72,2
1,72,2
0,52,0
1,68,3
0,121,0
0,92,0
0,88,0
1,130,3
1,36,3
1,121,3
1,90,3
1,21,3
1,45,3
1,12,3
1,12,3
1,12,3
1,105,3
1,39,3
1,71,3
1,51,3
0,30,0
1,25,3
1,22,3
1,11,3
1,28,3
1,6,3
1,12,3
1,12,3
1,12,3
1,27,3
1,45,3
1,12,3
1,12,3
1,12,3
1,25,3
1,105,3
1,124,3
1,82,3
1,21,3
1,71,3
1,39,3
1,12,3
1,11,3
1,12,3
1,12,3
1,22,3
1,6,3
1,27,3
1,120,3
1,28,3
1,45,3
1,51,3
1,12,3
1,12,3
1,12,3
1,25,3
1,105,3
1,92,3
1,97,3
1,119,3
1,10,3
1,64,3
0,64,0
1,64,2
1,64,2
1,64,1
1,64,2
1,64,1
1,64,2
1,64,1
1,64,2
1,64,2
1,64,3
1,12,3
0,64,0
1,64,2
1,64,2
1,64,1
1,64,2
1,64,1
1,64,2
1,64,1
1,64,2
1,64,2
1,12,3
1,64,3
0,64,0
1,64,2
1,64,2
1,64,1
1,64,2
1,64,1
1,64,2
1,64,1
1,64,2
1,64,2
1,12,3
1,64,3
0,64,0
1,64,2
1,64,2
1,64,1
1,64,2
1,64,1
1,64,2
1,64,1
1,64,2
1,64,2
1,64,3
1,31,3
0,64,0
1,64,2
1,64,2
1,64,1
1,64,2
1,64,1
1,64,2
1,64,1
1,64,2
1,64,2
1,64,3
0,64,0
1,64,2
1,64,2
1,64,1
1,64,2
1,64,1
1,64,2
1,64,1
1,64,2
1,64,2
1,64,3
0,64,0
1,64,2
1,64,2
1,64,1
1,64,2
1,64,1
1,64,2
1,64,1
1,64,2
1,64,2
1,64,3
0,64,0
1,64,2
1,64,2
1,64,1
1,64,2
1,64,1
1,64,2
1,64,1
1,64,2
1,64,2
1,64,3
0,64,0
1,64,2
1,64,2
1,64,1
1,64,2
1,64,1
1,64,2
1,64,1
1,64,2
1,64,2
1,64,3
0,64,0
1,64,2
1,64,2
1,64,1
1,64,2
1,64,1
1,64,2
1,64,1
1,64,2
1,64,2
1,64,3
0,64,0
1,64,2
1,64,2
1,64,1
1,64,2
1,64,1
1,64,2
1,64,1
1,64,2
1,64,2
1,64,3
0,64,0
1,64,2
1,64,2
1,64,1
1,64,2
1,64,1
1,64,2
1,64,1
1,64,2
1,64,2
1,64,3
1,27,3
0,64,0
1,64,2
1,64,2
1,64,1
1,64,2
1,64,1
1,64,2
1,64,1
1,64,2
1,64,2
1,39,3
1,64,3
0,64,0
1,64,2
1,64,2
1,64,1
1,64,2
1,64,1
1,64,2
1,64,1
1,64,2
1,64,2
1,64,3
0,64,0
1,64,2
1,64,2
1,64,1
1,64,2
1,64,1
1,64,2
1,64,1
1,64,2
1,64,2
1,64,3
0,64,0
1,64,2
1,64,2
1,64,1
1,64,2
1,64,1
1,64,2
1,64,1
1,64,2
1,64,2
1,64,3
0,64,0
1,64,2
1,64,2
1,64,1
1,64,2
1,64,1
1,64,2
1,64,1
1,64,2
1,64,2
1,45,3
1,64,3
0,64,0
1,64,2
1,64,2
1,64,1
1,64,2
1,64,1
1,64,2
1,64,1
1,64,2
1,64,2
1,64,3
0,64,0
1,64,2
1,64,2
1,64,1
1,64,2
1,64,1
1,64,2
1,64,1
1,64,2
1,64,2
1,64,3
0,64,0
1,64,2
1,64,2
1,64,1
1,64,2
1,64,1
1,64,2
1,64,1
1,64,2
1,64,2
1,6,3
1,11,3
1,103,3
0,103,0
1,103,2
1,103,2
1,103,1
1,103,2
1,103,1
1,103,2
1,22,3
1,103,2
1,103,2
1,103,2
1,103,2
1,103,1
1,103,2
1,103,2
1,25,3
1,28,3
1,12,3
1,12,3
1,12,3
1,105,3
1,31,3
1,12,3
1,12,3
1,12,3
1,45,3
1,27,3
1,51,3
1,25,3
1,10,3
1,6,3
1,39,3
1,52,3
1,12,3
1,12,3
1,11,3
1,12,3
1,22,3
1,31,3
1,120,3
1,12,3
1,105,3
1,12,3
1,12,3
1,92,3
1,45,3
1,97,3
1,28,3
1,25,3
1,31,3
1,27,3
1,6,3
1,119,3
1,12,3
1,12,3
1,12,3
1,40,3
1,40,3
1,11,3
1,39,3
1,40,3
1,40,3
1,10,3
0,40,0
1,40,2
1,40,2
1,40,1
1,40,2
1,40,1
1,40,2
1,40,2
1,22,3
1,40,2
1,40,2
1,40,2
1,40,1
1,40,2
1,40,2
1,45,3
1,51,3
1,12,3
1,12,3
1,12,3
1,25,3
1,105,3
1,27,3
1,28,3
1,12,3
1,12,3
1,12,3
1,6,3
1,30,3
1,30,3
1,45,3
1,11,3
1,25,3
1,39,3
1,12,3
1,12,3
1,12,3
1,22,3
1,10,3
1,27,3
1,105,3
1,12,3
1,120,3
1,12,3
1,12,3
1,6,3
1,51,3
1,45,3
1,25,3
1,28,3
1,12,3
1,12,3
1,12,3
1,11,3
1,119,3
1,39,3
1,27,3
1,105,3
1,22,3
1,12,3
1,12,3
1,12,3
1,25,3
1,45,3
1,10,3
1,6,3
1,12,3
1,12,3
1,12,3
1,27,3
1,11,3
1,25,3
1,51,3
1,28,3
1,39,3
1,12,3
1,105,3
1,12,3
1,45,3
1,12,3
1,22,3
1,6,3
1,12,3
1,12,3
1,12,3
1,10,3
1,120,3
1,25,3
1,27,3
1,12,3
1,52,3
1,12,3
1,45,3
1,12,3
1,11,3
1,80,3
1,105,3
1,39,3
1,119,3
1,12,3
1,12,3
1,12,3
1,22,3
1,6,3
1,28,3
1,25,3
1,51,3
1,27,3
1,45,3
1,12,3
1,12,3
1,12,3
1,10,3
0,92,0
1,124,3
1,11,3
1,105,3
1,25,3
1,12,3
1,12,3
1,12,3
0,31,0
1,6,3
1,39,3
1,30,3
1,22,3
1,45,3
1,27,3
1,12,3
1,12,3
1,12,3
0,84,0
1,25,3
0,120,0
1,51,3
1,11,3
1,105,3
1,10,3
1,28,3
1,45,3
1,6,3
1,27,3
1,12,3
1,12,3
1,39,3
1,12,3
1,22,3
0,119,0
1,25,3
0,92,0
1,12,3
1,12,3
1,12,3
1,45,3
1,105,3
1,11,3
0,119,0
1,6,3
1,27,3
1,25,3
1,12,3
1,12,3
1,12,3
1,28,3
1,10,3
1,22,3
1,51,3
1,39,3
0,84,0
1,12,3
1,12,3
1,12,3
1,45,3
0,118,0
1,105,3
1,25,3
1,27,3
1,11,3
1,12,3
0,120,0
1,12,3
1,12,3
1,6,3
0,119,0
1,45,3
1,12,3
1,12,3
1,12,3
0,93,0
1,22,3
1,39,3
1,10,3
0,92,0
0,31,0
1,25,3
0,121,0
1,51,3
1,27,3
1,28,3
1,105,3
1,11,3
0,118,0
1,6,3
1,45,3
1,59,3
0,59,0
1,59,2
1,59,2
1,59,1
1,59,2
1,59,1
1,59,2
1,59,1
1,59,2
1,59,2
1,59,3
0,59,0
1,59,2
1,59,2
1,59,1
1,59,2
1,59,1
1,59,2
1,59,1
1,59,2
1,59,2
1,59,3
0,59,0
1,59,2
1,59,2
1,59,1
1,59,2
1,59,1
1,59,2
1,59,1
1,59,2
1,59,2
0,121,0
1,59,3
0,59,0
1,59,2
1,59,2
1,59,1
1,59,2
1,59,1
1,59,2
1,59,1
1,59,2
1,59,2
1,59,3
0,59,0
1,59,2
1,59,2
1,59,1
1,59,2
1,59,1
1,59,2
1,59,1
1,59,2
1,59,2
1,59,3
0,59,0
1,59,2
1,59,2
1,59,1
1,59,2
1,59,1
1,59,2
1,59,1
1,59,2
1,59,2
1,59,3
0,59,0
1,59,2
1,59,2
1,59,1
1,59,2
1,59,1
1,59,2
1,59,1
1,59,2
1,59,2
1,59,3
0,59,0
1,59,2
1,59,2
1,59,1
1,59,2
1,59,1
1,59,2
1,59,1
1,59,2
1,59,2
1,59,3
0,59,0
1,59,2
1,59,2
1,59,1
1,59,2
1,59,1
1,59,2
1,59,1
1,59,2
1,59,2
1,59,3
0,59,0
1,59,2
1,59,2
1,59,1
1,59,2
1,59,1
1,59,2
1,59,1
1,59,2
1,59,2
1,25,3
1,59,3
0,59,0
1,59,2
1,59,2
1,59,1
1,59,2
1,59,1
1,59,2
1,59,1
1,59,2
1,59,2
1,59,3
0,59,0
1,59,2
1,59,2
1,59,1
1,59,2
1,59,1
1,59,2
1,59,1
1,59,2
1,59,2
1,59,3
0,59,0
1,59,2
1,59,2
1,59,1
1,59,2
1,59,1
1,59,2
1,59,1
1,59,2
1,59,2
1,59,3
0,121,0
0,59,0
1,59,2
1,59,2
1,59,1
1,59,2
1,59,1
1,59,2
1,59,1
1,59,2
1,59,2
1,59,3
0,59,0
1,59,2
1,59,2
1,59,1
1,59,2
1,59,1
1,59,2
1,59,1
1,59,2
1,59,2
1,59,3
0,59,0
1,59,2
1,59,2
1,59,1
1,59,2
1,59,1
1,59,2
1,59,1
1,59,2
1,59,2
1,59,3
0,59,0
1,59,2
1,59,2
1,59,1
1,59,2
1,59,1
1,59,2
1,59,1
1,59,2
1,59,2
0,86,0
1,59,3
0,59,0
1,59,2
1,59,2
1,59,1
1,59,2
1,59,1
1,59,2
1,59,1
1,59,2
1,59,2
1,59,3
0,59,0
1,59,2
1,59,2
1,59,1
1,59,2
1,59,1
1,59,2
1,59,1
1,59,2
1,59,2
1,59,3
0,59,0
1,59,2
1,59,2
1,59,1
1,59,2
1,59,1
1,59,2
1,59,1
1,59,2
1,59,2
0,120,0
0,119,0
1,22,3
1,39,3
1,27,3
1,12,3
1,12,3
1,12,3
1,10,3
1,105,3
1,45,3
0,118,0
0,121,0
1,11,3
1,25,3
1,6,3
1,12,3
1,12,3
1,12,3
0,119,0
1,51,3
0,93,0
0,92,0
1,28,3
1,27,3
1,22,3
1,39,3
1,45,3
1,31,3
1,25,3
1,105,3
0,118,0
1,31,3
1,6,3
1,10,3
1,11,3
1,80,3
0,86,0
1,12,3
1,12,3
1,12,3
1,27,3
1,45,3
1,25,3
0,121,0
1,22,3
0,121,0
1,31,3
1,39,3
0,118,0
1,51,3
0,122,0
1,12,3
1,12,3
1,105,3
1,12,3
1,11,3
0,93,0
1,25,3
1,45,3
1,28,3
1,12,3
1,12,3
1,12,3
1,127,3
0,92,0
1,27,3
1,128,3
1,10,3
1,124,3
0,121,0
1,57,3
0,118,0
1,12,3
1,12,3
1,12,3
1,22,3
0,57,0
1,57,2
1,57,2
1,57,1
1,57,2
1,57,1
1,57,2
1,39,3
1,105,3
0,121,0
1,25,3
1,45,3
1,11,3
1,27,3
0,98,0
0,82,0
1,51,3
0,84,0
1,10,3
1,25,3
1,22,3
0,54,0
1,45,3
1,105,3
1,39,3
1,63,3
0,84,0
0,82,0
0,120,0
1,27,3
1,11,3
1,28,3
0,128,0
1,12,3
1,128,3
1,128,2
1,12,3
1,128,2
1,128,2
1,128,1
1,128,2
1,128,2
1,25,3
1,128,2
1,12,3
1,128,2
1,128,2
1,128,1
1,128,2
1,128,1
1,128,2
1,128,2
1,128,2
1,128,2
1,128,2
1,128,2
1,128,2
1,128,2
1,128,2
1,128,2
0,82,0
1,128,2
1,128,2
1,45,3
0,98,0
0,84,0
0,121,0
1,51,3
1,22,3
0,98,0
1,10,3
1,114,3
0,114,0
1,114,2
1,114,2
1,114,1
1,114,2
1,114,1
1,114,2
1,114,1
1,114,2
1,114,2
1,114,3
0,114,0
1,114,2
1,114,2
1,114,1
1,114,2
1,114,1
1,114,2
1,114,1
1,114,2
1,114,2
1,114,3
0,114,0
1,114,2
1,114,2
1,114,1
1,114,2
1,114,1
1,114,2
1,114,1
1,114,2
1,114,2
1,114,3
0,114,0
1,114,2
1,114,2
1,114,1
1,114,2
1,114,1
1,114,2
1,114,1
1,114,2
1,114,2
1,114,3
0,114,0
1,114,2
1,114,2
1,114,1
1,114,2
1,114,1
1,114,2
1,114,1
1,114,2
1,114,2
1,114,3
0,114,0
1,114,2
1,114,2
1,114,1
1,114,2
1,114,1
1,114,2
1,114,1
1,114,2
1,114,2
1,114,3
0,114,0
1,114,2
1,114,2
1,114,1
1,114,2
1,114,1
1,114,2
1,114,1
1,114,2
1,114,2
1,114,3
0,114,0
1,114,2
1,114,2
1,114,1
1,114,2
1,114,1
1,114,2
1,114,1
1,114,2
1,114,2
1,105,3
1,114,3
0,114,0
1,114,2
1,114,2
1,114,1
1,114,2
1,114,1
1,114,2
1,114,1
1,114,2
1,114,2
1,114,3
0,114,0
1,114,2
1,114,2
1,114,1
1,114,2
1,114,1
1,114,2
1,114,1
1,114,2
1,114,2
1,114,3
0,114,0
1,114,2
1,114,2
1,114,1
1,114,2
1,114,1
1,114,2
1,114,1
1,114,2
1,114,2
1,114,3
0,114,0
1,114,2
1,114,2
1,114,1
1,114,2
1,114,1
1,114,2
1,114,1
1,114,2
1,114,2
1,114,3
0,114,0
1,114,2
1,114,2
1,114,1
1,114,2
1,114,1
1,114,2
1,114,1
1,114,2
1,114,2
1,114,3
0,114,0
1,114,2
1,114,2
1,114,1
1,114,2
1,114,1
1,114,2
1,114,1
1,114,2
1,114,2
1,114,3
0,114,0
1,114,2
1,114,2
1,114,1
1,114,2
1,114,1
1,114,2
1,114,1
1,114,2
1,114,2
1,39,3
1,114,3
0,114,0
1,114,2
1,114,2
1,114,1
1,114,2
1,114,1
1,114,2
1,114,1
1,114,2
1,114,2
1,114,3
0,114,0
1,114,2
1,114,2
1,114,1
1,114,2
1,114,1
1,114,2
1,114,1
1,114,2
1,114,2
1,114,3
0,114,0
1,114,2
1,114,2
1,114,1
1,114,2
1,114,1
1,114,2
1,114,1
1,114,2
1,114,2
1,114,3
0,114,0
1,114,2
1,114,2
1,114,1
1,114,2
1,114,1
1,114,2
1,114,1
1,114,2
1,114,2
1,27,3
1,114,3
0,114,0
1,114,2
1,114,2
1,114,1
1,114,2
1,114,1
1,114,2
1,114,1
1,114,2
1,114,2
0,82,0
1,25,3
1,11,3
1,34,3
0,82,0
1,12,3
1,45,3
0,84,0
1,128,2
1,128,2
1,128,2
1,128,2
1,128,2
0,84,0
0,98,0
1,31,3
1,3,3
1,128,3
1,12,3
1,12,3
0,82,0
1,12,3
1,25,3
0,98,0
1,22,3
1,27,3
0,98,0
1,105,3
1,45,3
1,39,3
1,12,3
1,12,3
1,12,3
1,10,3
1,128,3
0,84,0
1,11,3
1,51,3
0,118,0
1,28,3
0,122,0
0,82,0
0,82,0
1,65,3
0,98,0
0,127,0
1,127,3
1,127,2
1,127,2
1,127,2
1,127,1
1,127,2
1,127,2
1,127,2
1,127,2
1,127,2
1,127,1
1,127,2
1,127,1
1,12,3
1,127,2
1,127,2
1,127,2
1,127,2
1,127,2
1,127,2
1,127,2
1,127,2
1,127,2
1,127,2
1,127,2
1,12,3
1,127,2
1,12,3
1,25,3
1,127,2
1,127,2
1,127,2
1,127,2
1,127,2
1,128,3
1,27,3
1,45,3
0,121,0
1,12,3
0,82,0
1,12,3
0,84,0
1,12,3
0,63,0
1,63,3
1,105,3
1,63,2
1,63,2
1,63,2
1,63,1
1,22,3
1,63,2
1,63,2
1,63,2
1,63,2
1,63,2
1,63,1
1,98,3
1,63,2
1,63,1
1,63,2
1,63,2
1,63,2
1,63,2
1,63,2
1,63,2
1,63,2
1,63,2
1,63,2
1,63,2
1,63,2
1,127,3
1,63,2
1,98,3
1,128,3
1,39,3
1,11,3
1,25,3
1,10,3
1,63,2
1,63,2
1,63,2
1,63,2
1,63,2
1,12,3
1,12,3
1,12,3
1,127,3
1,82,3
1,82,3
1,82,3
1,82,3
1,98,3
1,82,3
1,82,3
1,82,3
1,82,3
1,82,3
1,128,3
1,45,3
1,63,3
1,84,3
1,51,3
1,27,3
1,12,3
1,12,3
1,12,3
1,82,3
1,82,3
1,82,3
1,82,3
1,124,3
1,127,3
1,105,3
1,25,3
1,22,3
1,98,3
1,82,3
1,128,3
1,12,3
1,82,3
1,12,3
1,12,3
1,39,3
1,11,3
1,82,3
1,63,3
1,82,3
1,45,3
1,82,3
1,84,3
1,127,3
1,84,3
1,28,3
1,12,3
1,12,3
1,12,3
1,122,3
1,10,3
1,128,3
1,82,3
1,27,3
1,82,3
1,25,3
1,82,3
1,82,3
1,118,3
1,63,3
1,12,3
1,12,3
1,12,3
1,127,3
1,105,3
1,22,3
1,121,3
1,128,3
1,45,3
1,51,3
1,84,3
1,11,3
1,39,3
1,127,3
1,25,3
1,47,3
1,63,3
0,47,0
1,47,2
1,47,2
1,47,1
1,47,2
1,47,1
1,47,2
1,47,2
1,47,2
1,47,2
1,47,2
1,47,1
1,47,2
1,47,2
1,27,3
1,128,3
1,12,3
1,12,3
1,12,3
1,10,3
1,127,3
1,105,3
1,44,3
0,34,0
1,34,3
1,34,2
1,34,2
1,34,2
1,34,1
1,34,2
1,34,2
1,34,2
1,34,2
1,34,2
1,34,1
1,34,2
1,34,1
1,34,2
1,34,2
1,34,2
1,63,3
1,34,2
1,34,2
1,34,2
1,34,2
1,34,2
1,34,2
1,34,2
1,34,2
1,34,2
1,128,3
1,22,3
1,25,3
1,12,3
1,12,3
1,12,3
1,11,3
1,39,3
1,30,3
1,127,3
1,51,3
1,12,3
1,12,3
1,128,3
1,12,3
1,63,3
1,120,3
1,20,3
0,20,0
1,20,2
1,20,2
1,20,1
1,20,2
1,20,1
1,20,2
1,20,1
1,20,2
1,20,2
1,25,3
1,20,3
0,20,0
1,20,2
1,20,2
1,20,1
1,20,2
1,20,1
1,20,2
1,20,1
1,20,2
1,20,2
1,127,3
1,20,3
0,20,0
1,20,2
1,20,2
1,20,1
1,20,2
1,20,1
1,20,2
1,20,1
1,20,2
1,20,2
1,28,3
1,20,3
0,20,0
1,20,2
1,20,2
1,20,1
1,20,2
1,20,1
1,20,2
1,20,1
1,20,2
1,20,2
1,20,3
0,20,0
1,20,2
1,20,2
1,20,1
1,20,2
1,20,1
1,20,2
1,20,1
1,20,2
1,20,2
1,20,3
0,20,0
1,20,2
1,20,2
1,20,1
1,20,2
1,20,1
1,20,2
1,20,1
1,20,2
1,20,2
1,105,3
1,20,3
0,20,0
1,20,2
1,20,2
1,20,1
1,20,2
1,20,1
1,20,2
1,20,1
1,20,2
1,20,2
1,20,3
0,20,0
1,20,2
1,20,2
1,20,1
1,20,2
1,20,1
1,20,2
1,20,1
1,20,2
1,20,2
1,20,3
0,20,0
1,20,2
1,20,2
1,20,1
1,20,2
1,20,1
1,20,2
1,20,1
1,20,2
1,20,2
1,20,3
0,20,0
1,20,2
1,20,2
1,20,1
1,20,2
1,20,1
1,20,2
1,20,1
1,20,2
1,20,2
1,20,3
0,20,0
1,20,2
1,20,2
1,20,1
1,20,2
1,20,1
1,20,2
1,20,1
1,20,2
1,20,2
1,12,3
1,20,3
0,20,0
1,20,2
1,20,2
1,20,1
1,20,2
1,20,1
1,20,2
1,20,1
1,20,2
1,20,2
1,12,3
1,20,3
0,20,0
1,20,2
1,20,2
1,20,1
1,20,2
1,20,1
1,20,2
1,20,1
1,20,2
1,20,2
1,12,3
1,20,3
0,20,0
1,20,2
1,20,2
1,20,1
1,20,2
1,20,1
1,20,2
1,20,1
1,20,2
1,20,2
1,20,3
0,20,0
1,20,2
1,20,2
1,20,1
1,20,2
1,20,1
1,20,2
1,20,1
1,20,2
1,20,2
1,20,3
0,20,0
1,20,2
1,20,2
1,20,1
1,20,2
1,20,1
1,20,2
1,20,1
1,20,2
1,20,2
1,20,3
0,20,0
1,20,2
1,20,2
1,20,1
1,20,2
1,20,1
1,20,2
1,20,1
1,20,2
1,20,2
1,128,3
1,20,3
0,20,0
1,20,2
1,20,2
1,20,1
1,20,2
1,20,1
1,20,2
1,20,1
1,20,2
1,20,2
1,20,3
0,20,0
1,20,2
1,20,2
1,20,1
1,20,2
1,20,1
1,20,2
1,20,1
1,20,2
1,20,2
1,20,3
0,20,0
1,20,2
1,20,2
1,20,1
1,20,2
1,20,1
1,20,2
1,20,1
1,20,2
1,20,2
1,10,3
1,63,3
1,22,3
1,11,3
1,89,3
1,39,3
1,119,3
1,91,3
1,34,3
1,127,3
1,53,3
1,25,3
1,92,3
1,128,3
1,63,3
1,127,3
1,105,3
1,37,3
1,37,3
0,37,0
1,37,2
1,37,2
1,37,1
1,37,2
1,37,1
1,37,2
1,37,2
1,37,2
1,37,2
1,37,2
1,37,1
1,37,2
1,37,2
1,51,3
1,128,3
1,12,3
1,12,3
1,34,3
1,12,3
1,25,3
1,22,3
0,80,0
1,92,3
1,11,3
1,127,3
1,118,3
1,63,3
1,10,3
1,39,3
1,102,3
0,102,0
1,102,2
1,102,2
1,102,1
1,102,2
1,102,2
0,102,0
1,102,1
0,102,0
1,102,3
0,102,0
1,102,2
1,102,2
1,102,1
1,102,2
1,102,2
0,102,0
1,102,1
0,102,0
1,128,3
1,127,3
1,25,3
1,120,3
1,105,3
1,34,3
1,63,3
1,128,3
1,44,3
1,31,3
1,89,3
1,91,3
1,22,3
1,127,3
1,11,3
1,92,3
1,51,3
1,39,3
1,119,3
1,25,3
1,63,3
1,28,3
1,128,3
1,10,3
1,34,3
1,120,3
1,127,3
1,122,3
1,105,3
0,44,0
1,44,3
1,44,2
1,44,2
1,44,2
1,44,1
1,44,2
1,44,2
1,44,2
1,44,2
1,44,2
1,44,1
1,44,2
1,44,1
1,44,2
1,44,2
1,44,2
1,44,2
1,44,2
1,44,2
1,44,2
1,44,2
1,44,2
1,44,2
1,44,2
1,44,2
1,128,3
1,63,3
1,12,3
1,12,3
1,12,3
1,25,3
1,11,3
1,22,3
1,127,3
1,39,3
1,34,3
1,128,3
1,63,3
1,90,3
1,88,3
1,105,3
1,127,3
1,51,3
1,12,3
1,100,3
1,25,3
0,30,0
1,99,3
1,120,3
1,128,3
1,92,3
1,63,3
1,11,3
1,91,3
1,34,3
1,127,3
1,44,3
1,22,3
0,3,0
1,3,3
1,3,2
1,3,2
1,3,2
1,3,1
1,3,2
1,3,2
1,3,2
1,3,2
1,3,2
1,3,1
1,3,2
1,3,1
1,3,2
1,3,2
1,3,2
1,3,2
1,3,2
1,39,3
1,3,2
1,3,2
1,3,2
1,3,2
1,3,2
1,3,2
1,3,2
1,128,3
1,25,3
1,119,3
1,105,3
1,118,3
1,63,3
1,127,3
1,128,3
1,44,3
1,34,3
1,25,3
1,51,3
1,11,3
1,63,3
1,22,3
1,127,3
1,10,3
1,3,3
1,39,3
1,128,3
1,105,3
1,28,3
1,99,3
1,44,3
1,25,3
1,92,3
1,127,3
1,63,3
1,34,3
1,12,3
1,12,3
1,12,3
1,128,3
1,120,3
1,11,3
1,12,3
1,12,3
1,12,3
1,127,3
1,22,3
1,3,3
1,128,3
1,25,3
1,63,3
1,39,3
1,105,3
1,51,3
1,44,3
1,12,3
1,34,3
1,12,3
1,12,3
1,119,3
1,10,3
1,127,3
1,128,3
1,63,3
1,25,3
1,12,3
1,12,3
1,12,3
1,11,3
1,118,3
1,127,3
1,82,3
1,128,3
1,44,3
1,22,3
1,105,3
1,3,3
1,34,3
1,39,3
1,12,3
1,63,3
1,12,3
1,12,3
1,92,3
1,25,3
1,127,3
1,128,3
0,30,0
1,12,3
1,12,3
1,12,3
1,51,3
1,92,3
1,11,3
1,120,3
1,44,3
1,34,3
1,127,3
1,128,3
1,105,3
1,22,3
1,25,3
1,3,3
1,39,3
1,28,3
1,12,3
1,12,3
1,12,3
1,92,3
1,119,3
1,128,3
1,100,3
1,127,3
1,44,3
1,118,3
1,11,3
1,82,3
1,25,3
1,34,3
1,128,3
1,127,3
1,105,3
1,63,3
1,92,3
1,51,3
1,22,3
1,3,3
1,39,3
1,10,3
1,100,3
1,44,3
1,128,3
1,127,3
1,25,3
1,63,3
1,12,3
1,12,3
1,12,3
1,34,3
1,11,3
1,105,3
1,128,3
1,122,3
1,127,3
1,12,3
1,12,3
1,12,3
1,22,3
1,30,3
1,25,3
1,44,3
1,63,3
1,3,3
0,100,0
1,100,3
1,100,2
1,100,2
1,100,2
1,100,1
1,39,3
1,100,2
1,100,2
1,100,2
1,100,2
1,100,2
1,100,1
1,100,2
1,100,1
1,100,2
1,100,2
1,100,2
1,100,2
1,100,2
1,100,2
1,100,2
1,100,2
1,100,2
1,100,2
1,100,2
1,100,2
1,128,3
1,51,3
1,12,3
1,12,3
1,12,3
1,127,3
1,86,3
1,34,3
1,119,3
0,96,0
0,30,0
0,121,0
0,95,0
0,122,0
1,11,3
1,10,3
1,63,3
1,25,3
1,105,3
0,117,0
1,128,3
1,44,3
1,127,3
1,22,3
0,119,0
1,12,3
1,12,3
1,3,3
0,121,0
1,63,3
1,12,3
1,34,3
1,39,3
1,25,3
1,128,3
1,127,3
0,96,0
1,11,3
1,100,3
1,44,3
1,105,3
1,4,3
1,51,3
1,12,3
1,12,3
1,12,3
1,63,3
1,30,3
0,95,0
1,128,3
1,127,3
1,12,3
1,43,3
1,12,3
0,43,0
1,43,2
1,43,2
1,43,1
1,43,2
1,43,1
1,43,2
1,43,2
1,12,3
1,43,2
1,43,2
1,43,2
1,43,1
1,43,2
1,43,2
1,22,3
0,96,0
1,25,3
1,34,3
0,86,0
0,4,0
1,28,3
1,3,3
0,95,0
1,4,2
1,4,2
1,4,2
1,4,1
1,4,2
1,4,2
1,4,2
1,4,2
1,4,2
1,4,1
1,4,2
1,4,1
1,39,3
1,4,2
1,4,2
1,4,2
1,12,3
1,63,3
1,4,2
1,4,2
1,4,2
1,4,2
1,4,2
1,4,2
1,4,2
1,4,2
1,4,2
1,128,3
1,44,3
1,127,3
0,119,0
0,119,0
0,96,0
1,11,3
0,121,0
1,100,3
0,95,0
1,105,3
1,35,3
0,122,0
1,12,3
1,25,3
1,12,3
1,12,3
1,63,3
1,128,3
1,34,3
1,127,3
0,95,0
0,95,0
1,22,3
0,96,0
0,96,0
1,12,3
1,12,3
1,12,3
1,80,3
1,51,3
1,44,3
0,117,0
1,3,3
1,39,3
0,95,0
0,121,0
1,42,3
1,25,3
1,128,3
1,63,3
0,96,0
1,12,3
1,12,3
1,12,3
1,100,3
1,10,3
1,11,3
1,127,3
1,4,3
0,95,0
1,105,3
0,95,0
1,34,3
0,30,0
0,119,0
1,128,3
1,12,3
1,12,3
1,12,3
1,4,3
0,96,0
1,63,3
1,44,3
1,22,3
1,25,3
1,127,3
0,95,0
1,101,3
0,101,0
1,101,2
1,101,2
1,101,1
1,101,2
1,101,1
1,101,2
1,101,1
1,101,2
1,101,2
1,101,3
0,101,0
1,101,2
1,101,2
1,101,1
1,101,2
1,101,1
1,101,2
1,101,1
1,101,2
1,101,2
1,101,3
0,101,0
1,101,2
1,101,2
1,101,1
1,101,2
1,101,1
1,101,2
1,101,1
1,101,2
1,101,2
1,101,3
0,101,0
1,101,2
1,101,2
1,101,1
1,101,2
1,101,1
1,101,2
1,101,1
1,101,2
1,101,2
1,101,3
0,101,0
1,101,2
1,101,2
1,101,1
1,101,2
1,101,1
1,101,2
1,101,1
1,101,2
1,101,2
1,101,3
0,101,0
1,101,2
1,101,2
1,101,1
1,101,2
1,101,1
1,101,2
1,101,1
1,101,2
1,101,2
1,101,3
0,101,0
1,101,2
1,101,2
1,101,1
1,101,2
1,101,1
1,101,2
1,101,1
1,101,2
1,101,2
1,101,3
0,101,0
1,101,2
1,101,2
1,101,1
1,101,2
1,101,1
1,101,2
1,101,1
1,101,2
1,101,2
1,101,3
0,92,0
0,101,0
1,101,2
1,101,2
1,101,1
1,101,2
1,101,1
1,101,2
1,101,1
1,101,2
1,101,2
1,101,3
0,101,0
1,101,2
1,101,2
1,101,1
1,101,2
1,101,1
1,101,2
1,101,1
1,101,2
1,101,2
1,101,3
0,101,0
1,101,2
1,101,2
1,101,1
1,101,2
1,101,1
1,101,2
1,101,1
1,101,2
1,101,2
1,101,3
0,101,0
1,101,2
1,101,2
1,101,1
1,101,2
1,101,1
1,101,2
1,101,1
1,101,2
1,101,2
1,101,3
0,101,0
1,101,2
1,101,2
1,101,1
1,101,2
1,101,1
1,101,2
1,101,1
1,101,2
1,101,2
1,101,3
0,101,0
1,101,2
1,101,2
1,101,1
1,101,2
1,101,1
1,101,2
1,101,1
1,101,2
1,101,2
1,101,3
0,101,0
1,101,2
1,101,2
1,101,1
1,101,2
1,101,1
1,101,2
1,101,1
1,101,2
1,101,2
1,101,3
0,101,0
1,101,2
1,101,2
1,101,1
1,101,2
1,101,1
1,101,2
1,101,1
1,101,2
1,101,2
1,101,3
0,101,0
1,101,2
1,101,2
1,101,1
1,101,2
1,101,1
1,101,2
1,101,1
1,101,2
1,101,2
1,4,3
1,12,3
1,101,3
0,101,0
1,101,2
1,101,2
1,101,1
1,101,2
1,101,1
1,101,2
1,101,1
1,101,2
1,101,2
1,12,3
1,101,3
0,101,0
1,101,2
1,101,2
1,101,1
1,101,2
1,101,1
1,101,2
1,101,1
1,101,2
1,101,2
1,39,3
1,12,3
1,101,3
1,128,3
0,101,0
1,101,2
1,101,2
1,101,1
1,101,2
1,101,1
1,101,2
1,101,1
1,101,2
1,101,2
1,3,3
0,95,0
0,96,0
1,100,3
1,105,3
1,30,3
1,11,3
1,127,3
1,63,3
1,34,3
1,51,3
1,25,3
1,4,3
0,95,0
1,44,3
0,95,0
0,120,0
1,128,3
0,96,0
0,96,0
1,10,3
1,19,3
1,4,3
1,127,3
1,22,3
1,63,3
1,12,3
0,95,0
1,12,3
1,12,3
1,25,3
1,31,3
1,128,3
1,39,3
0,96,0
1,105,3
0,95,0
1,34,3
1,3,3
1,100,3
0,121,0
1,4,3
0,95,0
1,12,3
1,12,3
1,11,3
1,12,3
1,127,3
1,44,3
0,35,0
1,35,3
1,35,2
1,35,2
1,35,2
1,35,1
1,35,2
1,35,2
1,35,2
1,35,2
1,35,2
1,35,1
1,35,2
1,35,1
1,35,2
1,35,2
1,35,2
1,35,2
1,35,2
1,35,2
1,63,3
1,35,2
1,35,2
1,35,2
1,35,2
1,35,2
1,35,2
1,4,3
0,95,0
1,128,3
1,12,3
0,96,0
1,12,3
1,12,3
1,25,3
0,92,0
1,51,3
1,127,3
1,22,3
1,32,3
1,32,3
1,32,3
0,92,0
1,32,3
1,32,3
1,32,3
1,32,3
1,32,3
1,32,3
1,32,3
1,32,3
1,32,3
1,32,3
1,32,3
1,32,3
1,32,3
1,32,3
1,32,3
1,32,3
1,32,3
1,32,3
1,4,3
0,95,0
0,33,0
1,34,3
0,117,0
1,12,3
1,63,3
1,12,3
1,12,3
1,44,3
1,128,3
1,5,3
1,105,3
1,10,3
0,96,0
1,100,3
1,39,3
0,30,0
1,11,3
1,3,3
1,127,3
0,92,0
0,95,0
1,4,3
1,25,3
1,35,3
1,12,3
1,12,3
1,12,3
0,96,0
1,128,3
1,63,3
0,42,0
0,96,0
1,42,3
1,42,2
1,42,2
1,42,2
1,42,1
1,42,2
1,42,2
1,42,2
1,42,2
1,42,2
1,42,1
1,42,2
1,42,1
1,42,2
1,42,2
1,42,2
1,42,2
1,42,2
1,42,2
1,42,2
1,42,2
1,42,2
1,42,2
1,42,2
1,42,2
0,122,0
0,95,0
1,4,3
0,92,0
1,127,3
1,22,3
1,34,3
1,44,3
1,12,3
1,12,3
1,12,3
1,42,2
1,42,2
1,42,2
1,28,3
1,42,2
1,42,2
1,35,3
0,95,0
1,25,3
1,128,3
0,95,0
1,105,3
1,4,3
0,96,0
1,100,3
1,51,3
1,42,3
0,92,0
1,63,3
1,11,3
1,12,3
1,12,3
1,39,3
1,12,3
1,127,3
0,121,0
1,3,3
0,95,0
1,4,3
1,35,3
0,117,0
1,128,3
0,88,0
0,96,0
0,92,0
1,44,3
1,42,3
1,12,3
1,25,3
1,12,3
1,34,3
1,12,3
1,127,3
0,95,0
1,63,3
1,4,3
1,22,3
0,96,0
1,105,3
1,123,3
1,35,3
1,128,3
0,92,0
1,12,3
1,12,3
0,96,0
0,92,0
1,42,3
1,100,3
0,95,0
1,4,3
1,11,3
1,127,3
1,39,3
0,117,0
1,25,3
1,63,3
1,44,3
1,3,3
1,12,3
1,12,3
1,12,3
0,92,0
1,7,3
1,34,3
0,95,0
1,80,3
1,51,3
1,128,3
0,96,0
1,35,3
1,4,3
1,42,3
0,95,0
1,127,3
0,122,0
1,12,3
1,12,3
1,12,3
0,95,0
1,22,3
0,92,0
1,105,3
1,25,3
1,63,3
1,10,3
1,4,3
0,96,0
1,128,3
0,117,0
1,35,3
1,42,3
1,111,3
0,111,0
1,111,2
1,111,2
1,111,1
1,111,2
1,111,1
1,111,2
1,111,2
1,111,2
1,111,2
1,111,2
1,111,1
0,120,0
1,44,3
1,100,3
1,12,3
1,12,3
1,12,3
1,127,3
0,95,0
1,11,3
0,88,0
0,92,0
1,34,3
1,4,3
0,121,0
1,3,3
0,96,0
1,63,3
1,25,3
1,128,3
1,42,3
0,95,0
1,12,3
1,12,3
1,12,3
1,35,3
1,31,3
1,127,3
0,92,0
1,4,3
0,92,0
1,105,3
1,30,3
1,22,3
1,51,3
1,44,3
0,95,0
0,96,0
1,63,3
1,128,3
1,42,3
1,4,3
1,100,3
1,34,3
1,127,3
1,25,3
1,35,3
1,58,3
1,11,3
0,58,0
1,58,2
1,58,2
1,58,1
1,58,2
1,58,1
1,58,2
1,58,2
1,58,2
1,58,2
1,58,2
1,58,1
1,58,2
1,58,2
0,95,0
0,96,0
0,120,0
0,95,0
0,96,0
1,4,3
1,42,3
1,128,3
1,3,3
0,7,0
1,7,3
1,7,2
1,7,2
1,7,2
1,7,1
1,7,2
1,7,2
1,30,3
1,63,3
1,7,2
0,92,0
1,7,2
1,7,2
1,7,1
1,7,2
1,7,1
1,7,2
1,7,2
1,7,2
1,7,2
1,7,2
1,127,3
1,7,2
1,7,2
0,95,0
1,7,2
1,7,2
1,7,2
1,7,2
1,7,2
1,44,3
1,0,3
1,35,3
1,12,3
1,105,3
1,12,3
1,12,3
1,25,3
0,120,0
1,4,3
0,19,0
1,22,3
1,19,2
1,19,2
1,19,2
1,19,1
1,19,2
0,96,0
1,19,2
1,19,2
1,19,2
1,19,2
1,19,1
1,19,2
1,19,1
1,19,2
1,19,2
1,19,2
1,19,2
1,19,2
1,19,2
1,19,2
1,34,3
0,95,0
1,19,2
1,128,3
1,19,2
1,42,3
1,19,2
1,19,2
1,19,2
1,79,3
0,91,0
1,100,3
1,127,3
1,12,3
1,12,3
1,12,3
1,63,3
1,61,3
0,61,0
1,61,2
1,61,2
1,61,1
1,61,2
1,61,1
1,61,2
1,61,1
1,61,2
1,61,2
1,61,3
1,11,3
0,61,0
1,61,2
1,61,2
1,61,1
1,61,2
1,61,1
1,61,2
1,61,1
1,61,2
1,61,2
1,61,3
1,4,3
0,61,0
1,61,2
1,61,2
1,61,1
1,61,2
1,61,1
1,61,2
1,61,1
1,61,2
1,61,2
1,35,3
1,61,3
0,61,0
1,61,2
1,61,2
1,61,1
1,61,2
1,61,1
1,61,2
1,61,1
1,61,2
1,61,2
1,51,3
1,61,3
0,61,0
1,61,2
1,61,2
1,61,1
1,61,2
1,61,1
1,61,2
1,61,1
1,61,2
1,61,2
1,61,3
0,61,0
1,61,2
1,61,2
1,61,1
1,61,2
1,61,1
1,61,2
1,61,1
1,61,2
1,61,2
1,61,3
0,61,0
1,61,2
1,61,2
1,61,1
1,61,2
1,61,1
1,61,2
1,61,1
1,61,2
1,61,2
1,61,3
0,61,0
1,61,2
1,61,2
1,61,1
1,61,2
1,61,1
1,61,2
1,61,1
1,61,2
1,61,2
1,61,3
0,61,0
1,61,2
1,61,2
1,61,1
1,61,2
1,61,1
1,61,2
1,61,1
1,61,2
1,61,2
1,61,3
0,61,0
1,61,2
1,61,2
1,61,1
1,61,2
1,61,1
1,61,2
1,61,1
1,61,2
1,61,2
1,61,3
0,61,0
1,61,2
1,61,2
1,61,1
1,61,2
1,61,1
1,61,2
1,61,1
1,61,2
1,61,2
1,61,3
0,95,0
0,61,0
1,61,2
1,61,2
1,61,1
1,61,2
1,61,1
1,61,2
1,61,1
1,61,2
1,61,2
1,61,3
0,61,0
1,61,2
1,61,2
1,61,1
1,61,2
1,61,1
1,61,2
1,61,1
1,61,2
1,61,2
1,61,3
0,61,0
1,61,2
1,61,2
1,61,1
1,61,2
1,61,1
1,61,2
1,61,1
1,61,2
1,61,2
1,61,3
0,61,0
1,61,2
1,61,2
1,61,1
1,61,2
1,61,1
1,61,2
1,61,1
1,61,2
1,61,2
0,96,0
1,61,3
0,61,0
1,61,2
1,61,2
1,61,1
1,61,2
1,61,1
1,61,2
1,61,1
1,61,2
1,61,2
1,61,3
0,61,0
1,61,2
1,61,2
1,61,1
1,61,2
1,61,1
1,61,2
1,61,1
1,61,2
1,61,2
0,121,0
1,61,3
0,61,0
1,61,2
1,61,2
1,61,1
1,61,2
1,61,1
1,61,2
1,61,1
1,61,2
1,61,2
1,44,3
1,61,3
0,61,0
1,61,2
1,61,2
1,61,1
1,61,2
1,61,1
1,61,2
1,61,1
1,61,2
1,61,2
1,61,3
0,61,0
1,61,2
1,61,2
1,61,1
1,61,2
1,61,1
1,61,2
1,61,1
1,61,2
1,61,2
1,128,3
1,25,3
1,12,3
1,42,3
1,12,3
1,12,3
1,31,3
0,92,0
1,3,3
1,4,3
1,127,3
1,105,3
0,95,0
1,63,3
1,35,3
1,22,3
1,34,3
0,96,0
1,12,3
1,12,3
1,12,3
1,128,3
1,4,3
1,42,3
1,19,3
0,95,0
0,31,0
1,100,3
1,127,3
1,25,3
1,7,3
1,11,3
0,96,0
1,44,3
1,35,3
0,95,0
0,92,0
1,63,3
1,4,3
0,96,0
1,31,3
1,104,3
0,104,0
1,104,2
1,104,2
1,104,1
1,104,2
1,104,1
1,104,2
1,104,1
1,104,2
1,104,2
1,104,3
0,104,0
1,104,2
1,104,2
1,104,1
1,104,2
1,104,1
1,104,2
1,104,1
1,104,2
1,104,2
0,95,0
1,104,3
0,104,0
1,104,2
1,104,2
1,104,1
1,104,2
1,104,1
1,104,2
1,104,1
1,104,2
1,104,2
1,104,3
0,104,0
1,104,2
1,104,2
1,104,1
1,104,2
1,104,1
1,104,2
1,104,1
1,104,2
1,104,2
1,128,3
1,104,3
0,104,0
1,104,2
1,104,2
1,104,1
1,104,2
1,104,1
1,104,2
1,104,1
1,104,2
1,104,2
0,94,0
1,104,3
0,104,0
1,104,2
1,104,2
1,104,1
1,104,2
1,104,1
1,104,2
1,104,1
1,104,2
1,104,2
1,104,3
0,104,0
1,104,2
1,104,2
1,104,1
1,104,2
1,104,1
1,104,2
1,104,1
1,104,2
1,104,2
1,42,3
1,104,3
0,104,0
1,104,2
1,104,2
1,104,1
1,104,2
1,104,1
1,104,2
1,104,1
1,104,2
1,104,2
1,104,3
0,104,0
1,104,2
1,104,2
1,104,1
1,104,2
1,104,1
1,104,2
1,104,1
1,104,2
1,104,2
1,104,3
0,104,0
1,104,2
1,104,2
1,104,1
1,104,2
1,104,1
1,104,2
1,104,1
1,104,2
1,104,2
1,104,3
0,104,0
1,104,2
1,104,2
1,104,1
1,104,2
1,104,1
1,104,2
1,104,1
1,104,2
1,104,2
1,104,3
0,104,0
1,104,2
1,104,2
1,104,1
1,104,2
1,104,1
1,104,2
1,104,1
1,104,2
1,104,2
1,104,3
0,104,0
1,104,2
1,104,2
1,104,1
1,104,2
1,104,1
1,104,2
1,104,1
1,104,2
1,104,2
1,105,3
1,104,3
1,51,3
0,104,0
1,104,2
1,104,2
1,104,1
1,104,2
1,104,1
1,104,2
1,104,1
1,104,2
1,104,2
1,3,3
1,127,3
1,104,3
0,104,0
1,104,2
1,104,2
1,104,1
1,104,2
1,104,1
1,104,2
1,104,1
1,104,2
1,104,2
1,104,3
1,34,3
0,104,0
1,104,2
1,104,2
1,104,1
1,104,2
1,104,1
1,104,2
1,104,1
1,104,2
1,104,2
1,12,3
1,104,3
0,104,0
1,104,2
1,104,2
1,104,1
1,104,2
1,104,1
1,104,2
1,104,1
1,104,2
1,104,2
1,12,3
1,104,3
0,104,0
1,104,2
1,104,2
1,104,1
1,104,2
1,104,1
1,104,2
1,104,1
1,104,2
1,104,2
1,19,3
1,12,3
1,104,3
0,104,0
1,104,2
1,104,2
1,104,1
1,104,2
1,104,1
1,104,2
1,104,1
1,104,2
1,104,2
1,4,3
1,104,3
0,104,0
1,104,2
1,104,2
1,104,1
1,104,2
1,104,1
1,104,2
1,104,1
1,104,2
1,104,2
1,22,3
0,95,0
1,35,3
0,117,0
0,91,0
1,25,3
0,96,0
0,120,0
1,63,3
1,128,3
1,42,3
1,7,3
1,44,3
1,115,3
0,115,0
1,115,2
1,115,2
1,115,1
1,115,2
1,115,2
1,115,2
1,115,2
1,12,3
1,12,3
1,12,3
1,4,3
1,100,3
1,11,3
1,127,3
1,54,3
0,95,0
1,10,3
1,19,3
0,0,0
1,0,3
1,96,3
1,35,3
1,0,2
1,0,2
1,0,2
1,0,1
1,0,2
1,0,2
1,0,2
1,0,2
1,0,2
1,0,1
0,123,0
1,0,2
1,0,1
1,123,3
1,0,2
1,0,2
1,123,2
1,123,2
1,123,2
1,123,1
1,0,2
1,123,2
1,123,2
1,123,2
1,0,2
1,123,2
1,123,2
1,123,1
1,123,2
1,123,1
1,0,2
1,123,2
1,123,2
1,123,2
1,123,2
1,0,2
1,123,2
1,123,2
1,12,3
1,123,2
1,0,2
1,123,2
1,123,2
1,123,2
1,0,2
1,12,3
1,123,2
1,123,2
1,0,2
1,12,3
1,0,2
1,128,3
1,0,2
1,0,2
1,25,3
1,4,3
1,63,3
1,42,3
1,95,3
1,34,3
1,105,3
1,121,3
1,127,3
1,3,3
1,44,3
1,96,3
1,22,3
1,95,3
1,7,3
1,19,3
1,35,3
1,4,3
1,128,3
1,95,3
1,42,3
1,95,3
1,95,3
1,92,3
1,96,3
1,63,3
1,25,3
1,51,3
1,123,2
1,123,2
1,123,2
1,123,2
1,123,2
1,127,3
1,11,3
1,123,3
1,95,3
1,15,3
1,96,3
1,4,3
1,12,3
1,12,3
1,12,3
1,100,3
1,34,3
1,35,3
1,128,3
1,105,3
1,42,3
0,15,0
1,19,3
1,75,3
1,44,3
1,63,3
1,10,3
1,127,3
1,4,3
1,15,3
1,25,3
1,3,3
1,22,3
1,123,3
1,128,3
1,42,3
0,5,0
1,35,3
1,5,3
1,5,2
1,120,3
1,5,2
1,5,2
1,5,2
1,5,2
1,5,2
1,5,1
1,5,2
1,5,1
1,5,2
1,5,2
1,5,2
1,5,2
1,4,3
1,5,2
1,5,2
1,5,2
1,5,2
1,5,2
1,5,2
1,19,3
1,5,2
1,127,3
1,5,2
1,11,3
1,63,3
1,0,3
1,122,3
1,34,3
1,25,3
1,44,3
1,128,3
1,105,3
1,4,3
1,12,3
1,12,3
1,42,3
1,35,3
1,12,3
1,51,3
1,7,3
1,127,3
1,121,3
1,8,3
1,19,3
1,123,3
1,31,3
1,63,3
1,92,3
1,3,3
1,4,3
1,117,3
1,22,3
1,80,3
1,12,3
1,128,3
1,12,3
1,12,3
1,35,3
1,69,3
1,42,3
1,25,3
1,127,3
1,11,3
1,34,3
1,92,3
1,44,3
1,5,3
1,4,3
1,19,3
1,0,3
1,12,3
1,12,3
1,12,3
1,63,3
1,128,3
1,105,3
1,123,3
1,42,3
1,35,3
1,127,3
1,25,3
1,4,3
1,12,3
1,12,3
1,12,3
1,75,3
1,92,3
1,19,3
1,128,3
1,51,3
1,63,3
1,22,3
1,3,3
1,44,3
1,34,3
1,42,3
1,12,3
1,12,3
1,4,3
1,12,3
1,122,3
1,11,3
1,127,3
1,35,3
1,25,3
1,105,3
1,123,3
1,7,3
1,5,3
1,128,3
1,12,3
1,12,3
1,0,3
1,12,3
1,4,3
1,19,3
1,48,3
1,48,3
1,48,3
1,42,3
1,63,3
1,48,3
1,48,3
1,48,3
1,48,3
1,127,3
1,119,3
1,89,3
1,100,3
1,35,3
1,44,3
1,128,3
1,4,3
1,34,3
1,25,3
1,42,3
1,3,3
1,88,3
1,19,3
1,63,3
1,11,3
1,127,3
1,123,3
1,12,3
1,12,3
1,12,3
1,105,3
1,35,3
1,4,3
1,51,3
1,128,3
1,5,3
1,80,3
1,42,3
1,92,3
1,25,3
1,0,3
1,12,3
1,12,3
1,127,3
1,12,3
1,44,3
1,4,3
1,63,3
1,19,3
1,34,3
1,35,3
1,128,3
1,123,3
1,42,3
1,7,3
1,4,3
1,3,3
1,11,3
1,127,3
1,31,3
1,122,3
1,25,3
1,105,3
1,63,3
1,19,3
1,35,3
1,128,3
1,89,3
1,4,3
1,44,3
1,5,3
1,42,3
1,127,3
1,34,3
1,0,3
1,117,3
1,51,3
1,123,3
1,119,3
1,88,3
1,63,3
1,81,3
1,126,3
1,4,3
1,128,3
1,126,3
0,126,0
1,126,2
1,126,2
1,126,1
1,126,2
1,126,1
1,126,2
1,19,3
1,35,3
1,25,3
1,126,2
1,126,2
1,126,2
1,126,2
1,126,1
1,126,2
1,126,2
1,7,3
1,42,3
1,127,3
1,11,3
1,105,3
1,3,3
1,4,3
1,44,3
1,31,3
1,92,3
1,63,3
1,128,3
1,35,3
1,19,3
1,31,3
1,25,3
1,123,3
1,42,3
1,34,3
1,118,3
1,5,3
1,127,3
1,4,3
1,128,3
1,0,3
1,63,3
1,35,3
1,4,3
1,42,3
1,19,3
1,100,3
1,44,3
1,11,3
1,105,3
1,51,3
1,127,3
1,25,3
1,117,3
1,120,3
1,3,3
1,12,3
1,12,3
1,128,3
1,12,3
1,123,3
1,50,3
1,4,3
1,34,3
1,63,3
1,42,3
1,35,3
1,127,3
1,19,3
1,93,3
1,7,3
1,12,3
1,12,3
1,12,3
1,5,3
1,25,3
1,128,3
1,10,3
1,119,3
1,4,3
1,44,3
1,31,3
1,0,3
1,63,3
1,105,3
1,92,3
1,42,3
1,35,3
1,11,3
1,127,3
1,123,3
1,19,3
1,12,3
1,12,3
1,12,3
1,4,3
1,120,3
1,128,3
1,34,3
1,30,3
1,3,3
1,25,3
1,32,3
1,32,3
1,32,3
1,7,3
1,32,3
1,42,3
1,127,3
1,63,3
1,35,3
1,4,3
1,44,3
1,119,3
1,19,3
1,128,3
1,55,3
1,118,3
1,12,3
1,12,3
1,5,3
1,123,3
1,105,3
1,4,3
1,11,3
1,127,3
1,42,3
1,25,3
1,0,3
1,35,3
1,63,3
1,76,3
1,34,3
1,12,3
1,12,3
1,128,3
1,12,3
1,93,3
1,19,3
1,4,3
1,3,3
1,44,3
1,127,3
1,42,3
1,123,3
1,12,3
1,12,3
1,63,3
1,12,3
1,92,3
1,25,3
1,35,3
1,128,3
1,4,3
1,105,3
1,98,3
1,19,3
1,89,3
1,127,3
1,5,3
1,34,3
1,12,3
1,11,3
1,12,3
1,12,3
1,42,3
1,7,3
1,4,3
1,63,3
1,126,3
1,0,3
1,44,3
1,128,3
1,35,3
1,120,3
1,126,3
1,126,3
1,126,3
1,25,3
1,123,3
1,12,3
1,12,3
1,127,3
1,12,3
1,3,3
1,19,3
1,1,3
1,100,3
1,54,3
1,42,3
1,4,3
1,10,3
1,31,3
1,105,3
1,128,3
1,63,3
1,35,3
1,34,3
1,12,3
1,119,3
1,7,3
1,127,3
1,4,3
1,11,3
1,44,3
1,19,3
1,42,3
1,5,3
1,123,3
1,128,3
1,35,3
1,4,3
1,63,3
1,127,3
1,75,3
1,92,3
1,0,3
1,81,3
1,3,3
1,79,3
1,42,3
1,12,3
1,12,3
1,12,3
1,105,3
1,19,3
1,128,3
1,34,3
1,4,3
1,7,3
1,35,3
1,44,3
1,127,3
1,63,3
1,11,3
1,123,3
1,10,3
1,42,3
1,4,3
1,128,3
1,19,3
1,5,3
1,120,3
1,35,3
1,127,3
1,63,3
1,4,3
1,105,3
1,34,3
1,42,3
1,0,3
1,67,3
1,44,3
1,7,3
1,3,3
1,128,3
1,123,3
1,32,3
1,32,3
1,32,3
1,32,3
1,32,3
1,127,3
1,32,3
1,35,3
1,32,3
1,19,3
1,4,3
1,119,3
1,11,3
1,63,3
1,42,3
1,75,3
1,92,3
1,81,3
1,128,3
1,12,3
1,79,3
1,4,3
1,127,3
1,84,3
1,35,3
1,83,3
1,5,3
1,44,3
1,19,3
1,34,3
1,7,3
1,105,3
1,10,3
1,123,3
1,42,3
1,63,3
1,100,3
1,128,3
1,4,3
1,3,3
1,0,3
1,127,3
1,35,3
1,11,3
1,19,3
1,42,3
1,4,3
1,44,3
1,63,3
1,128,3
1,127,3
1,90,3
1,34,3
1,123,3
1,35,3
1,105,3
1,122,3
1,7,3
1,4,3
1,5,3
1,42,3
1,19,3
1,128,3
1,113,3
1,113,3
1,113,3
0,113,0
1,113,2
1,113,2
1,113,1
1,113,2
1,113,1
1,113,2
1,113,2
1,113,2
1,113,2
1,113,2
1,113,1
1,113,2
1,113,2
1,63,3
1,127,3
1,30,3
1,3,3
1,11,3
1,35,3
1,4,3
1,121,3
1,0,3
1,44,3
1,42,3
1,123,3
1,128,3
1,34,3
1,7,3
1,127,3
1,19,3
1,60,3
1,80,3
1,60,3
1,60,3
1,60,3
0,60,0
1,60,2
1,60,1
1,60,2
1,60,1
1,60,2
1,60,2
1,60,3
1,60,3
1,60,3
0,60,0
1,60,2
1,60,1
1,60,2
1,60,1
1,60,2
1,60,2
1,60,3
1,60,3
1,60,3
1,60,3
1,4,3
1,60,3
1,60,3
0,60,0
1,60,2
1,60,1
1,60,2
1,60,1
1,60,2
1,60,2
1,60,3
1,60,3
1,63,3
1,60,3
1,60,3
1,60,3
1,60,3
0,60,0
1,60,2
1,60,1
1,60,2
1,60,1
1,60,2
1,60,2
1,60,3
1,60,3
1,60,3
1,60,3
1,105,3
1,60,3
0,60,0
1,60,2
1,60,1
1,60,2
1,60,1
1,60,2
1,60,2
1,60,3
1,60,3
0,60,0
1,60,2
1,60,1
1,60,2
1,60,1
1,60,2
1,60,2
1,60,3
1,60,3
1,60,3
1,60,3
1,35,3
1,60,3
1,60,3
1,60,3
0,60,0
1,60,2
1,60,1
1,60,2
1,60,1
1,60,2
1,60,2
1,60,3
1,60,3
0,60,0
1,60,2
1,60,1
1,60,2
1,60,1
1,60,2
1,60,2
1,60,3
1,60,3
0,60,0
1,60,2
1,60,1
1,60,2
1,60,1
1,60,2
1,60,2
1,60,3
1,60,3
0,60,0
1,60,2
1,60,1
1,60,2
1,60,1
1,60,2
1,60,2
1,60,3
1,60,3
0,60,0
1,60,2
1,60,1
1,60,2
1,60,1
1,60,2
1,60,2
1,60,3
1,60,3
0,60,0
1,60,2
1,60,1
1,60,2
1,60,1
1,60,2
1,60,2
1,60,3
1,60,3
0,60,0
1,60,2
1,60,1
1,60,2
1,60,1
1,60,2
1,60,2
1,60,3
1,60,3
1,60,3
1,60,3
0,60,0
1,60,2
1,60,1
1,60,2
1,60,1
1,60,2
1,60,2
1,60,3
1,60,3
1,60,3
1,60,3
1,60,3
1,60,3
1,60,3
1,60,3
1,60,3
1,60,3
1,60,3
1,60,3
1,60,3
1,60,3
1,60,3
1,60,3
0,60,0
1,60,2
1,60,1
1,60,2
1,60,1
1,60,2
1,60,2
1,60,3
1,60,3
1,60,3
0,60,0
1,60,2
1,60,1
1,60,2
1,60,1
1,60,2
1,60,2
1,60,3
1,60,3
0,60,0
1,60,2
1,60,1
1,60,2
1,60,1
1,60,2
1,60,2
1,60,3
1,60,3
0,60,0
1,60,2
1,60,1
1,60,2
1,60,1
1,60,2
1,60,2
1,42,3
1,60,3
1,60,3
1,60,3
0,60,0
1,60,2
1,60,1
1,60,2
1,60,1
1,60,2
1,60,2
1,60,3
1,60,3
1,60,3
0,60,0
1,60,2
1,60,1
1,60,2
1,60,1
1,60,2
1,60,2
1,60,3
1,5,3
1,60,3
1,4,3
1,60,3
1,60,3
1,60,3
1,127,3
1,44,3
1,11,3
1,19,3
1,63,3
1,35,3
1,3,3
1,123,3
1,90,3
1,34,3
1,7,3
1,4,3
1,42,3
1,127,3
1,105,3
1,0,3
1,35,3
1,63,3
1,31,3
1,122,3
1,19,3
1,4,3
1,44,3
1,127,3
1,42,3
1,123,3
1,11,3
1,100,3
1,5,3
1,4,3
1,34,3
1,7,3
1,35,3
1,63,3
1,121,3
1,3,3
1,19,3
1,73,3
1,73,3
1,127,3
1,73,3
1,42,3
1,105,3
1,4,3
1,44,3
0,73,0
1,35,3
1,31,3
1,0,3
1,63,3
1,123,3
1,127,3
1,4,3
1,7,3
1,42,3
1,19,3
1,34,3
1,125,3
1,125,3
0,125,0
1,125,2
1,125,1
1,125,2
1,125,1
1,125,2
1,125,2
1,125,3
1,125,3
0,125,0
1,125,2
1,125,1
1,125,2
1,125,1
1,125,2
1,125,2
1,11,3
1,125,3
1,125,3
0,125,0
1,125,2
1,125,1
1,125,2
1,125,1
1,125,2
1,125,2
1,125,3
1,125,3
0,125,0
1,125,2
1,125,1
1,125,2
1,125,1
1,125,2
1,125,2
1,125,3
1,125,3
0,125,0
1,125,2
1,125,1
1,125,2
1,125,1
1,125,2
1,125,2
1,125,3
1,125,3
0,125,0
1,125,2
1,125,1
1,125,2
1,125,1
1,125,2
1,125,2
1,125,3
1,125,3
0,125,0
1,125,2
1,125,1
1,125,2
1,125,1
1,125,2
1,125,2
1,125,3
1,125,3
0,125,0
1,125,2
1,125,1
1,125,2
1,125,1
1,125,2
1,125,2
1,125,3
1,125,3
0,125,0
1,125,2
1,125,1
1,125,2
1,125,1
1,125,2
1,125,2
1,125,3
1,125,3
0,125,0
1,125,2
1,125,1
1,125,2
1,125,1
1,125,2
1,125,2
1,125,3
1,125,3
0,125,0
1,125,2
1,125,1
1,125,2
1,125,1
1,125,2
1,125,2
1,125,3
1,125,3
0,125,0
1,125,2
1,125,1
1,125,2
1,125,1
1,125,2
1,125,2
1,125,3
1,125,3
0,125,0
1,125,2
1,125,1
1,125,2
1,125,1
1,125,2
1,125,2
1,125,3
1,125,3
0,125,0
1,125,2
1,125,1
1,125,2
1,125,1
1,125,2
1,125,2
1,125,3
1,125,3
0,125,0
1,125,2
1,125,1
1,125,2
1,125,1
1,125,2
1,125,2
1,125,3
1,125,3
0,125,0
1,125,2
1,125,1
1,125,2
1,125,1
1,125,2
1,125,2
1,125,3
1,125,3
0,125,0
1,125,2
1,125,1
1,125,2
1,125,1
1,125,2
1,125,2
1,125,3
1,125,3
0,125,0
1,125,2
1,125,1
1,125,2
1,125,1
1,125,2
1,125,2
1,125,3
1,125,3
0,125,0
1,125,2
1,125,1
1,125,2
1,125,1
1,125,2
1,125,2
1,125,3
1,125,3
0,125,0
1,125,2
1,125,1
1,125,2
1,125,1
1,125,2
1,125,2
1,35,3
1,5,3
1,4,3
1,63,3
1,108,3
1,105,3
1,127,3
1,3,3
1,92,3
1,42,3
1,44,3
1,32,3
1,32,3
1,32,3
1,32,3
1,32,3
1,32,3
1,32,3
1,19,3
1,123,3
1,122,3
1,4,3
1,7,3
1,35,3
1,34,3
1,127,3
1,63,3
1,42,3
1,0,3
1,11,3
1,4,3
1,19,3
1,105,3
1,121,3
1,44,3
1,127,3
1,35,3
1,123,3
1,10,3
1,42,3
1,63,3
1,4,3
1,5,3
1,3,3
1,7,3
1,34,3
0,62,0
1,62,2
1,19,3
1,4,3
1,35,3
1,31,3
0,108,0
1,108,2
1,42,3
1,63,3
1,11,3
1,44,3
1,92,3
1,0,3
1,123,3
1,100,3
1,105,3
1,62,2
1,62,1
1,4,3
1,62,2
1,117,3
1,35,3
1,7,3
1,19,3
1,42,3
1,63,3
1,34,3
1,3,3
1,5,3
1,4,3
1,122,3
1,10,3
1,44,3
1,35,3
1,123,3
1,42,3
1,31,3
1,11,3
1,4,3
1,19,3
1,90,3
1,87,3
1,63,3
1,108,3
1,0,3
1,121,3
1,4,3
1,34,3
1,42,3
1,35,3
1,30,3
1,19,3
1,3,3
1,63,3
1,44,3
1,123,3
1,4,3
1,5,3
1,92,3
1,80,3
1,11,3
1,42,3
1,35,3
1,117,3
1,7,3
1,4,3
1,46,3
1,19,3
1,10,3
1,63,3
1,34,3
1,0,3
1,44,3
1,42,3
1,123,3
1,4,3
1,35,3
1,108,3
1,3,3
1,122,3
1,19,3
1,63,3
1,31,3
1,11,3
1,4,3
1,5,3
1,42,3
1,35,3
1,34,3
1,44,3
1,123,3
1,4,3
